{
  "runtimeOptions": {
    "tfm": "net8.0",
    "includedFrameworks": [
      {
        "name": "Microsoft.NETCore.App",
        "version": "8.0.20"
      },
      {
        "name": "Microsoft.WindowsDesktop.App",
        "version": "8.0.20"
      }
    ],
    "configProperties": {
      "System.Diagnostics.Tracing.EventSource.IsSupported": false,
      "System.Globalization.Invariant": false,
      "System.Net.Http.EnableActivityPropagation": false,
      "System.Reflection.Metadata.MetadataUpdater.IsSupported": false,
      "System.Resources.UseSystemResourceKeys": true,
      "System.Runtime.Serialization.EnableUnsafeBinaryFormatterSerialization": false,
      "System.Text.Encoding.EnableUnsafeUTF7Encoding": false
    }
  }
}